,,Contract,Plot ID,Zone,Easting,Northing,Coordinate source,FDI_count_bin,PLI_count_bin,Sx_count_bin,Distance to FDI (m),Distance to PLI (m),Distance to Sx (m),Distance to tree,notes,notes 2,
0,,Toosey,13,10,485004,5718397,Field UTM,0,1,1,,,,1.8,In plantation,,
0,,Elhdaqox,13,10,485007,5718403,Field UTM,0,1,1,,,,1.8,In plantation,,
0,,NA,20,10,486052,5719359,Field UTM,0,1,1,,,,14.1,,,
L,,NA,141,10,499771,5735835,Field UTM,1,1,0,,,,,,Live tree on plot,
L,,NA,158,10,455793,5738613,Field UTM,1,0,1,,,,,,Live tree on plot,
L,,NA,159,10,456801,5738565,Field UTM,1,0,0,,,,,,Live tree on plot,
L,,NA,161,10,480804,5737551,Field UTM,0,0,1,,,,,,Live tree on plot,
L,,NA,162,10,481817,5737505,Field UTM,1,1,1,,,,,,Live tree on plot,
0,,NA,163,10,486812,5737301,Field UTM,0,1,0,,,,82.6,,,
L,,NA,165,10,499810,5736745,Field UTM,1,1,0,,,,,,Live tree on plot,
0,,Toosey,193,10,471846,5738929,Field UTM,0,1,0,,,,753.2,,,
0,,Elhdaqox,193,10,471848,5738925,Field UTM,0,1,0,,,,757.4,,,
L,,NA,194,10,481851,5738507,Field UTM,1,1,0,,,,,,Live tree on plot,
0,,NA,197,10,499859,5737747,Field UTM,0,1,0,,,,9.637,,,
L,,NA,227,10,468891,5740053,Field UTM,0,1,0,,,,,,Live tree on plot,
0,,NA,229,10,479894,5739589,Field UTM,0,1,1,,,,4.8,,,
0,,NA,231,10,484902,5739375,Field UTM,0,1,0,,,,12.9,,,
0,,NA,232,10,485891,5739332,Field UTM,1,1,0,,,,31.7,,,
0,,NA,234,10,488898,5739205,Field UTM,0,1,0,,,,46.5,,,
0,30.7,NA,235,10,494904,5738948,Field UTM,1,0,0,,,,245.8,,,
L,,NA,270,10,469929,5741010,Field UTM,0,1,0,,,,,,Live tree on plot,
0,,NA,276,10,486940,5740286,Field UTM,1,1,0,,,,15,,,
0,,NA,279,10,489941,5740162,Field UTM,0,0,0,,,,101.6,,,
0,,NA,281,10,494939,5739956,Field UTM,0,1,0,,,,184.9,,,
0,,NA,282,10,495940,5739901,Field UTM,0,1,0,,,,17.8,,,
0,,NA,284,10,499906,5739667,Field UTM,1,1,0,,,,5.7,,,
0,,NA,315,10,467969,5742095,Field UTM,0,1,0,,,,31.4,,,
U,,NA,318,10,474975,5741799,Field UTM,0,0,0,,,,,planted/not measured,,
0,,NA,319,10,478973,5741620,Field UTM,0,1,0,,,,52.1,,,
0,,NA,320,10,481976,5741504,Field UTM,1,1,0,,,,83.9,,,
0,0.3,NA,324,10,487981,5741247,Field UTM,0,1,0,,,,12.7,,,
L,,NA,327,10,492984,5741041,Field UTM,1,1,0,,,,,,Live tree on plot,
U,,NA,329,10,494981,5740948,Field UTM,0,0,0,,,,,protected by road/check data,,
0,,NA,330,10,498989,5740783,Field UTM,1,1,0,,,,,,Live tree on plot,
0,,NA,331,10,499998,5740737,Field UTM,1,0,0,,,,8.1,,,
U,,NA,358,10,457009.3529,5743550.01,Intended lat/long,0,0,0,,,,,planted/not measured,,
0,,NA,360,10,468009,5743090,Field UTM,1,1,1,,,,18.5,,,
0,,NA,361,10,469023,5743039,Field UTM,0,0,0,,,,3.8,,,
L,,NA,366,10,482023,5742502,Field UTM,1,1,0,,,,,,Live tree on plot,
0,,NA,367,10,488027,5742250,Field UTM,0,0,0,,,,44.1,,,
0,42.4,NA,369,10,490027,5742157,Field UTM,0,0,0,,,,52,,,
L,,NA,370,10,492043,5742089,Field UTM,1,0,0,,,,,,Live tree on plot,
0,,NA,371,10,493026,5742020,Field UTM,1,1,0,,,,3.2,,,
L,,NA,375,10,497027,5741869,Field UTM,1,0,0,,,,,,Live tree on plot,
L,,NA,407,10,457057,5744547,Field UTM,0,1,0,,,,,,Live tree on plot,
L,,NA,408,10,458052,5744506,Field UTM,0,1,0,,,,,,Live tree on plot,
0,,NA,413,10,474057,5743825,Field UTM,0,0,0,,,,192.1,,,
0,,NA,417,10,483063,5743453,Field UTM,1,1,0,,,,51.9,,,
0,,NA,419,10,491066,5743112,Field UTM,1,0,0,,,,106.7,,,
L,,NA,420,10,493063,5743027,Field UTM,0,1,1,,,,,,Live tree on plot,
0,2.9,NA,421,10,496067,5742903,Field UTM,1,1,0,,,,75.7,,,
0,,NA,423,10,498070,5742814,Field UTM,1,0,0,,,,8,,,
0,,NA,424,10,499073,5742771,Field UTM,0,0,0,,,,28.9,,,
0,,NA,425,10,500070,5742735,Field UTM,0,0,0,,,,21.2,Right next to landing,,
0,,NA,454,10,456090,5745588,Field UTM,1,1,0,,,,23.7,,,
L,,NA,456,10,459084,5745507,Field UTM,0,1,0,,,,,,Live tree on plot,
0,,NA,460,10,477099,5744709,Field UTM,1,1,0,,,,76.2,,,
0,,NA,464,10,485109,5744359,Field UTM,1,1,0,,,,38.4,,,
0,,NA,466,10,495110,5743939,Field UTM,1,1,1,,,,14.8,,,
0,,NA,467,10,496119,5743899,Field UTM,1,1,0,,,,7.9,,,
0,0.1,NA,496,10,458139,5746500,Field UTM,NA,NA,NA,,,,6.6,,,
L,,NA,499,10,474141,5745817,Field UTM,0,0,0,,,,,unburned/not measured,Live tree on plot,469?
0,,NA,502,10,478144,5745650,Field UTM,1,0,0,,,,55,,,
0,,NA,503,10,479142,5745608,Field UTM,1,0,0,,,,130.6,,,
0,,NA,505,10,484143,5745395,Field UTM,1,1,0,,,,10.3,,,
0,,NA,506,10,494153,5744969,Field UTM,1,1,1,,,,17.2,,,
0,,NA,535,10,473179,5746860,Field UTM,0,1,0,,,,23,,,
0,,NA,536,10,475179,5746774,Field UTM,1,1,1,,,,6.2,,,
0,,NA,538,10,477189,5746708,Field UTM,1,1,0,,,,14.4,,,
0,,NA,540,10,480187,5746573,Field UTM,0,1,0,,,,93.4,,,
0,-2.3,NA,541,10,484182,5746398,Field UTM,1,0,1,,,,78,,,
0,,NA,545,10,495192,5745927,Field UTM,1,1,0,,,,35.8,,,
L,,NA,574,10,476224,5747743,Field UTM,0,1,0,,,,,,Live tree on plot,
L,,NA,577,10,484230,5747389,Field UTM,1,0,0,,,,,,Live tree on plot,
0,,NA,581,10,489241,5747184,Field UTM,1,1,0,,,,35.2,,,
0,,NA,585,10,494239,5746972,Field UTM,1,1,0,,,,30.2,,,
L,,NA,618,10,486282,5748289,Field UTM,1,0,0,,,,,,Live tree on plot,
L,,NA,620,10,490279,5748135,Field UTM,1,1,0,,,,,,Live tree on plot,
L,,NA,653,10,473312,5749837,Field UTM,1,1,0,,,,,,Live tree on plot,
0,,NA,657,10,480319,5749571,Field UTM,1,1,0,,,,8.4,,,
0,-0.3,NA,659,10,482316,5749477,Field UTM,1,0,0,,,,40.7,,,
L,,NA,661,10,488325,5749225,Field UTM,1,1,0,,,,,,Live tree on plot,
L,,NA,662,10,489321,5749178,Field UTM,1,0,0,,,,,,Live tree on plot,
0,,NA,666,10,493317,5749005,Field UTM,1,0,0,,,,5.3,,,
L,,NA,669,10,496322,5748876,Field UTM,1,0,0,,,,,,Live tree on plot,
0,,NA,707,10,482358,5750475,Field UTM,1,0,0,,,,15.9,,Live tree on plot,
0,,NA,708,10,483356,5750428,Field UTM,1,0,0,,,,66.7,,,
0,,NA,711,10,486361,5750273,Field UTM,1,0,0,,,,18.1,,,
0,,NA,717,10,493365,5750006,Field UTM,1,0,0,,,,4.7,,,
0,,NA,718,10,494372,5749963,Field UTM,0,1,0,,,,19.8,,,
0,-0.2,NA,719,10,498368,5749790,Field UTM,1,0,0,,,,53.5,,,
0,,NA,758,10,475398,5751767,Field UTM,0,0,0,,,,44.4,in a marsh,,
0,,NA,761,10,482400,5751466,Field UTM,1,1,0,,,,25.5,,,
0,,NA,766,10,492406,5751053,Field UTM,0,0,0,,,,10.7,,,
L,,NA,801,10,455430,5753601,Field UTM,1,1,0,,,,,,Live tree on plot,
0,,NA,806,10,474442,5752807,Field UTM,1,0,0,,,,8.1,,,
0,,NA,808,10,478441,5752637,Field UTM,1,1,0,,,,8.7,,,
L,,NA,810,10,483441,5752427,Field UTM,1,1,0,,,,,,Live tree on plot,
0,,NA,812,10,485446,5752347,Field UTM,1,1,1,,,,4.6,,,
L,,NA,814,10,473086.8979,5791804.623,Intended lat/long,1,0,0,,,,,,Live tree on plot,
L,,NA,815,10,492447,5752042,Field UTM,1,0,0,,,,,,Live tree on plot,
0,0,NA,844,10,449472,5754854,Field UTM,0,1,0,,,,74.1,,,
0,,NA,845,10,450467,5754804,Field UTM,0,1,0,,,,399.7,,,
0,,NA,846,10,451469,5754762,Field UTM,0,1,0,,,,64,,,
L,,NA,847,10,452470,5754730,Field UTM,1,1,0,,,,,,Live tree on plot,
L,,NA,851,10,456476,5754561,Field UTM,0,1,0,,,,,,Live tree on plot,
0,,NA,852,10,457467,5754516,Field UTM,0,1,0,,,,36.2,,,
0,,NA,857,10,475478,5753759,Field UTM,1,0,0,,,,32.5,,,
0,,NA,859,10,477481,5753671,Field UTM,1,0,1,,,,17.6,,,
0,,NA,860,10,478481,5753632,Field UTM,1,1,1,,,,18.8,,,
0,-1.2,NA,865,10,486487,5753291,Field UTM,0,0,0,,,,89.2,,,
0,,NA,892,10,449514,5755843,Field UTM,0,1,0,,,,698.3,,,
0,,NA,893,10,450518,5755804,Field UTM,0,1,0,,,,585.3,,,
0,,NA,894,10,451512,5755766,Field UTM,0,1,0,,,,89.1,,,
L,,NA,895,10,452510,5755723,Field UTM,1,1,0,,,,,,Live tree on plot,
0,,NA,899,10,456515,5755554,Field UTM,0,1,0,,,,278.4,,,
L,,NA,900,10,475527,5754757,Field UTM,1,1,1,,,,,,Live tree on plot,
0,,NA,903,10,482527,5754459,Field UTM,1,1,0,,,,21,,,
0,,NA,907,10,497534,5753821,Field UTM,1,0,0,,,,89.9,,,
0,,NA,933,10,455552,5756596,Field UTM,1,0,0,,,,10.7,,,
0,0,NA,939,10,478567,5755623,Field UTM,0,0,0,,,,95.2,,,
0,,NA,949,10,498585,5754777,Field UTM,1,1,0,,,,15.3,,,
0,,NA,974,10,455597,5757592,Field UTM,0,1,0,,,,8.4,,,
0,,NA,981,10,480608,5756546,Field UTM,1,0,0,,,,7.6,,,
0,,NA,988,10,495616,5755899,Field UTM,1,1,0,,,,12.4,,,
0,,NA,1012,10,454638,5758632,Field UTM,0,1,0,,,,495.9,,,
0,,NA,1022,10,494662,5756938,Field UTM,0,0,0,,,,716.9,,,
0,,NA,1024,10,499668,5756731,Field UTM,1,0,0,,,,91.2,,,
L,,NA,1045,10,482710,5758459,Field UTM,1,0,0,,,,,,Live tree on plot,
0,,NA,1049,10,494703,5757939,Field UTM,1,1,0,,,,19.4,,,
0,1.8,NA,1050,10,496703,5757855,Field UTM,0,1,0,,,,58.1,,,
L,,NA,1052,10,498708,5757769,Field UTM,0,1,1,,,,,,Live tree on plot,
L,,NA,1053,10,499706,5757731,Field UTM,1,1,0,,,,,,Live tree on plot,
0,,NA,1068,10,455723,5760582,Field UTM,1,1,0,,,,127.8,,,
0,,NA,1069,10,456723,5760539,Field UTM,0,1,0,,,,289,,,
L,,NA,1075,10,483738,5759396,Field UTM,1,0,0,,,,,,Live tree on plot,
0,,NA,1080,10,494747,5758936,Field UTM,0,0,1,,,,560,,,
0,,NA,1099,10,455766,5761578,Field UTM,1,0,0,,,,11.4,,,
L,,NA,1108,10,483787,5860401,Field UTM,1,0,0,,,,,,Live tree on plot,
0,-0.3,NA,1109,10,484781,5760359,Field UTM,0,0,0,,,,27.1,,,
L,,NA,1110,10,486782,5760270,Field UTM,1,0,0,,,,,,Live tree on plot,
0,,Elhdaqox,1111,10,473236,5742071,Field UTM,1,1,0,,,,1032,,,
0,,Toosey,1111,10,491788,5760060,Field UTM,1,1,0,,,,4.3,,,
0,,NA,1113,10,495795,5759894,Field UTM,0,1,0,,,,52.5,,,
0,,NA,1114,10,497790,5759808,Field UTM,0,1,0,,,,29.7,,,
0,,NA,1115,10,499790,5759721,Field UTM,0,1,0,,,,25.3,,,
0,,NA,1139,10,476822,5761694,Field UTM,1,1,0,,,,6.5,,,
L,,NA,1142,10,485823,5761308,Field UTM,1,0,0,,,,,,Live tree on plot,
0,,NA,1144,10,492855,5761016,Field UTM,1,1,0,,,,59.8,,,
0,,NA,1145,10,493826,5760968,Field UTM,0,1,0,,,,182.6,,,
0,4.2,NA,1148,10,496850,5760848,Field UTM,0,1,0,,,,42.3,,,
0,,NA,1153,10,430187.7,5820565.4,Intended lat/long,0,1,0,,,,522.8,Same point as 2626,,
0,,NA,1160,10,444849,5764035,Field UTM,0,1,0,,,,27.6,,,
0,,NA,1180,10,492871,5762011,Field UTM,1,1,0,,,,10.2,,,
0,,NA,1182,10,494880,5761926,Field UTM,1,1,0,,,,21.8,,,
0,,NA,1185,10,498880,5761759,Field UTM,0,1,0,,,,210.4,"Imagery bad, hard to tell what is regen and what is remant tree",,
0,,NA,1186,10,499876,5761710,Field UTM,0,1,0,,,,210.2,,,
0,,NA,1192,10,426225.8,5821730.1,Intended lat/long,0,1,0,,,,48.8,Same point as 2644,,
0,,NA,1200,10,444882,5765033,Field UTM,0,1,0,,,,79.6,,,
L,,NA,1207,10,461897,5764318,Field UTM,1,1,0,,,,,,Live tree on plot,
L,,NA,1209,10,463898,5764232,Field UTM,0,1,0,,,,,,Live tree on plot,
L,,NA,1214,10,478908,5763603,Field UTM,1,1,0,,,,,,Live tree on plot,
L,,NA,1219,10,483907,5763389,Field UTM,1,0,0,,,,,,Live tree on plot,
L,,NA,1220,10,492909,5763008,Field UTM,1,0,0,,,,,,Live tree on plot,
0,,NA,1221,10,493910,5762962,Field UTM,1,1,0,,,,104.4,,,
0,,NA,1222,10,494914,5762922,Field UTM,1,1,0,,,,4.7,,,
L,,NA,1225,10,499922,5762710,Field UTM,1,1,0,,,,,,Live tree on plot,
L,,NA,1235,10,444935,5766031,Field UTM,1,1,0,,,,,,Live tree on plot,
0,,NA,1247,10,465936,5765152,Field UTM,1,1,0,,,,13.3,,,
L,,NA,1253,10,479951,5764554,Field UTM,1,0,0,,,,,,Live tree on plot,
0,-1.2,NA,1257,10,491954,5764043,Field UTM,1,0,0,,,,4.6,,,
L,,NA,1258,10,492953,5764009,Field UTM,1,0,0,,,,,,Live tree on plot,
0,,NA,1259,10,493954,5763964,Field UTM,1,1,0,,,,5.2,,,
L,,NA,1261,10,495958,5763876,Field UTM,1,0,0,,,,,,Live tree on plot,
0,,NA,1264,10,499969,5763708,Field UTM,0,1,0,,,,135.3,,,
0,,NA,1272,10,444966,5767025,Field UTM,0,1,0,,,,128.4,,,
0,,NA,1273,10,445971,5766989,Field UTM,0,1,0,,,,40.9,,,
L,,NA,1276,10,449977,5766820,Field UTM,0,1,0,,,,,,Live tree on plot,
0,,NA,1294,10,491999,5765048,Field UTM,1,0,1,,,,13.7,,,
L,,NA,1295,10,492990,5765004,Field UTM,1,0,0,,,,,,Live tree on plot,
L,,NA,1297,10,495005,5764916,Field UTM,0,0,0,,,,,,Live tree on plot,
0,13.2,NA,1298,10,496001,5764873,Field UTM,1,0,0,,,,290.8,,,
L,,NA,1299,10,496989,5764837,Field UTM,1,0,0,,,,,,Live tree on plot,
L,,NA,1319,10,448013,5767892,Field UTM,0,1,0,,,,,,Live tree on plot,
0,,NA,1320,10,449015,5767852,Field UTM,0,1,0,,,,6.1,,,
L,,NA,1321,10,450017,5767814,Field UTM,1,1,0,,,,,,Live tree on plot,
0,,NA,1322,10,451016,5767761,Field UTM,1,1,0,,,,6,,Live tree on plot,
0,,NA,1333,10,482034,5766460,Field UTM,1,0,1,,,,20.3,,,
0,,NA,1335,10,493042,5765997,Field UTM,1,1,1,,,,11.9,,,
0,-7,NA,1340,10,499046,5765741,Field UTM,0,1,0,,,,29.5,,,
L,,NA,1341,10,500050,5765697,Field UTM,0,1,0,,,,,,Live tree on plot,
L,,NA,1356,10,451071,5768783,Field UTM,0,1,0,,,,,,Live tree on plot,
0,,NA,1362,10,468044,5768025,Field UTM,0,0,0,,,,1.9,,,
L,,NA,1364,10,479080,5767591,Field UTM,1,0,0,,,,,,Live tree on plot,
0,,NA,1367,10,497089,5766822,Field UTM,1,1,0,,,,14,,,
L,,NA,1398,10,495171,5768898,Field UTM,1,1,1,,,,,,Live tree on plot,
0,,NA,1400,10,498166,5768773,Field UTM,0,1,0,,,,327.6,,Live tree on plot,
0,,NA,1401,10,499187,5768734,Field UTM,1,1,0,,,,74.8,,,
L,,NA,1413,10,494256,5770943,Field UTM,0,1,1,,,,,,Live tree on plot,
0,,NA,1421,10,482292,5772446,Field UTM,0,1,0,,,,9.3,,,
0,,NA,1422,10,483284,5772396,Field UTM,0,1,0,,,,10.9,,,
U,,NA,1423,10,494297,5771933,Field UTM,0,0,0,,,,,I think not measured/check data,,
0,,NA,1425,10,496300,5771847,Field UTM,1,1,1,,,,7.1,"Smaller tree 7.1 m, larger tree 12.6m",,
L,,NA,1430,10,473316,5773826,Field UTM,1,0,0,,,,,,Live tree on plot,
0,,NA,1438,10,466449,5777107,Field UTM,1,1,0,,,,7.4,,,
0,,NA,1440,10,473449,5776814,Field UTM,0,1,0,,,,13.5,,,
0,,NA,1450,10,472493,5777849,Field UTM,0,1,0,,,,30.3,,,
0,,CCR,1460,10,468542,5779019,Field UTM,1,0,0,,,,9.7,,,
0,,Toosey,1460,10,468557,5778977,Field UTM,1,0,0,,,,5.7,,,
0,,CCR,1461,10,472530,5778859,Field UTM,0,1,0,,,,16.7,,,
0,,Toosey,1461,10,472556,5778822,Field UTM,0,1,0,,,,29.4,,,
0,,CCR,1467,10,469573,5779970,Field UTM,0,0,0,,,,4,maybe not measured?,,
0,,Toosey,1467,10,469597,5779935,Field UTM,0,0,0,,,,7.9,,,
0,,NA,1476,10,425671.8046,5784812.604,Field lat/long,0,1,0,,,,567,,,
0,,NA,1478,10,473707,5782792,Field UTM,1,1,0,,,,95.5,,,
0,,NA,1479,10,424712.9534,5785851.452,Field lat/long,0,0,0,,,,78,,,
0,,NA,1481,10,426714.6897,5785766.8,Field lat/long,0,1,0,,,,16.7,,,
U,,NA,1482,10,471747.9129,5783873.245,Intended lat/long,0,0,0,,,,,unburnt/ not measured,,
0,,NA,1484,10,476512.3,5801644.5,Intended lat/long,0,0,0,,,,663.6,Close to 1754,,
L,,CCR,1485,10,431720.2039,5785553.973,Field lat/long,0,1,0,,,,live tree on plot,,Live tree on plot,
0,-2.3,NA,1487,10,471743,5783877,Field UTM,0,1,0,,,,222.7,in plantation,Almost on top of 1482,
0,,NA,1498,10,428757.6618,5786679.014,Field lat/long,0,1,0,304,325,,304,,,
0,,NA,1500,10,485519.6,5801264.8,Intended lat/long,0,1,0,,,,7.3,Same as 1760,,
0,,NA,1501,10,489522.9,5801096,Intended lat/long,0,1,0,,,,219.4,Same as 1761,,
0,,NA,1502,10,414500.6,5805249.3,Intended lat/long,0,0,0,,,,17.6,Same as 1770,,
0,,NA,1503,10,415501.5,5805207.4,Intended lat/long,0,1,0,,,,10,Same as 1771,,
0,,NA,1504,10,417503.4,5805123.4,Intended lat/long,1,1,0,,,,34.7,Same as 1772,,
0,,NA,1505,10,436764.9112,5786341.323,Field lat/long,0,1,0,,160,,160,,,
0,,NA,1507,10,469788,5784958,Field UTM,1,1,0,,,,24.2,,,
0,,NA,1508,10,474797,5784749,Field UTM,0,1,0,,,,86.8,,,
0,44.1,NA,1510,10,425796.4417,5787801.724,Field lat/long,0,0,0,,,,895.2,fix regen species,,
1,,NA,1511,10,428456.5304,5898991.768,Field lat/long,0,1,0,,,,,not in imagery,,
0,,NA,1514,10,476554.6,5802641.1,Intended lat/long,0,1,0,,,,39.4,Close to 1789,,
0,,NA,1518,10,435810.6433,5787382.816,Field lat/long,0,1,0,13.7,5.6,,5.6,pretty sure it is right species,,
L,,NA,1522,10,439808.6191,5787214.887,Field lat/long,0,1,0,,,,live tree on plot,right stero image black/ cant see plot,Live tree on plot,
L,,NA,1526,10,474828,5785744,Field UTM,0,1,0,,,,,,Live tree on plot,
0,,NA,1527,10,425838.9111,5788798.643,Field lat/long,0,1,0,,,,984.8,,,
0,,NA,1529,10,427840.0171,5788714.984,Field lat/long,0,1,0,,,,521.4,,,
0,,NA,1531,10,478556.2,5802556.8,Intended lat/long,1,1,0,,,,9.5,Same as 1791,,
0,,NA,1535,10,467868,5787040,Field UTM,0,1,0,,,,37.7,,,
0,0.2,NA,1538,10,470873,5786906,Field UTM,0,1,0,,,,25.9,,,
0,,NA,1539,10,473870,5786778,Field UTM,0,1,0,,,,50.4,,,
0,,NA,1540,10,475877,5786695,Field UTM,0,1,0,,,,6.6,,,
0,,NA,1542,10,426885.7412,5789758.03,Field lat/long,0,1,0,max,max,,16.5,,,
0,,NA,1544,10,428885.5608,5789668.796,Field lat/long,0,1,0,,,,15.7,unsure of species,,
L,,NA,1552,10,430927.4045,5790580.992,Field lat/long,1,0,0,1.2,37.2,,1.2,FDI dominate,Live tree on plot,
0,,NA,1554,10,468964,5788981,Field UTM,0,1,0,,,,42.9,,,
L,,NA,1557,10,473035,5788973,Field UTM,0,1,0,,,,,,Live tree on plot,
0,,NA,1558,10,474041,5788991,Field UTM,0,1,0,,,,387.8,,,
0,,NA,1559,10,474962,5788727,Field UTM,0,1,0,,,,373.9,,,
0,0.6,NA,1560,10,475898,5788728,Field UTM,0,1,1,,,,6.1,,,
0,,NA,1562,10,426967.7328,5791749.257,Field lat/long,1,1,0,,,,66.2,,,
0,,NA,1564,10,433971.4988,5791452.49,Field lat/long,0,1,0,max,61.47,,61.47,,,
0,,NA,1567,10,471001,5789895,Field UTM,0,1,0,,,,6.9,,,
0,,NA,1569,10,473184,5789913,Field UTM,0,1,0,,,,476,,,
0,,NA,1571,10,475001,5789731,Field UTM,0,1,0,,,,442.7,,,
L,,NA,1573,10,481131,5789573,Field UTM,0,1,0,,,,,,Live tree on plot,
0,,NA,1577,10,473355,5790705,Field UTM,0,1,0,,,,12.3,,,
0,,NA,1578,10,474139,5790807,Field UTM,0,1,0,,,,640,,,
0,21,NA,1579,10,475049,5790722,Field UTM,0,1,0,,,,75.8,,,
L,,NA,1580,10,479792,5790908,Field UTM,0,1,0,,,,,,Live tree on plot,
0,,NA,1581,10,471087,5791891,Field UTM,0,1,0,,,,130.4,,,
0,,NA,1583,10,473115,5792004,Field UTM,0,1,0,,,,2.5,"10.4 to larger tree, hard to tell heights of tree, plot in patch of smaller trees with a few larger trees near by",,
0,,NA,1584,10,475086,5791726,Field UTM,0,1,0,,,,32.6,,,
L,,NA,1587,10,480092,5791506,Field UTM,0,1,0,,,,,,Live tree on plot,
L,,NA,1589,10,465934,5793145,Field UTM,0,1,0,,,,,,Live tree on plot,
0,,NA,1590,10,466978,5793314,Field UTM,0,1,1,,,,26.9,,,
0,,NA,1591,10,469418,5793385,Field UTM,0,1,0,,,,69.9,,,
L,,NA,1592,10,471161,5792907,Field UTM,0,1,0,,,,,,Live tree on plot,
L,,NA,1594,10,477130,5792635,Field UTM,0,1,0,,,,,,Live tree on plot,
L,,NA,1596,10,479620,5792444,Field UTM,1,1,0,,,,,,Live tree on plot,
L,,NA,1598,10,481135,5792469,Field UTM,0,1,0,,,,,,Live tree on plot,
0,,NA,1601,10,484136,5792334,Field UTM,0,1,0,,,,12.6,,,
0,,NA,1602,10,467165,5794054,Field UTM,0,1,0,,,,78.2,,,
0,,NA,1604,10,469167,5793971,Field UTM,0,1,0,,,,59.2,,,
L,,NA,1605,10,477178,5793638,Field UTM,0,1,0,,,,,,Live tree on plot,
0,,NA,1606,10,478166,5793581,Field UTM,0,1,0,,,,54.2,,,
L,,NA,1607,10,479174,5793545,Field UTM,0,1,0,,,,,,Live tree on plot,
L,,NA,1608,10,480866,5794033,Field UTM,0,1,0,,,,,,Live tree on plot,
L,,NA,1609,10,480791,5793613,Field UTM,0,1,0,,,,,,Live tree on plot,
0,-2.7,NA,1612,10,463210,5795212,Field UTM,0,1,0,,,,160.2,,,
0,,NA,1615,10,467126,5794626,Field UTM,0,1,0,,,,84.9,,,
0,,NA,1617,10,470331,5794531,Field UTM,0,1,1,,,,16.6,,,
0,,NA,1619,10,479035,5794807,Field UTM,0,1,0,,,,136.8,,,
0,,NA,1620,10,480227,5794510,Field UTM,0,1,0,,,,328.7,,,
U,,NA,1623,10,483141,5794397,Field UTM,0,0,0,,,,,unburned/not measured,,
0,,NA,1624,10,486260,5794295,Field UTM,0,1,0,,,,115.1,,,
0,,NA,1625,10,463108,5796288,Field UTM,0,1,0,,,,118.2,,,
0,,NA,1627,10,468243,5795822,Field UTM,0,1,1,,,,7.6,,,
L,,NA,1628,10,470255,5795922,Field UTM,0,1,0,,,,,,Live tree on plot,
0,1.1,NA,1630,10,478257,5795579,Field UTM,0,1,0,,,,4.9,,,
0,,NA,1631,10,480184,5795481,Field UTM,0,1,0,,,,11.6,in road,,
0,,NA,1634,10,485262,5795281,Field UTM,0,1,0,,,,47.2,,,
0,,NA,1635,10,486268,5795236,Field UTM,0,1,0,,,,35.7,,,
0,,NA,1637,10,465712,5797744,Field UTM,0,1,0,,,,271.5,,,
0,,NA,1640,10,468292,5797000,Field UTM,0,0,0,,,,136.6,,,
0,,NA,1643,10,475840,5796894,Field UTM,0,1,0,,,,2.9,seems to be in a patch of trees,,
0,,NA,1644,10,476102,5796565,Field UTM,0,1,0,,,,2.9,seems to be in a patch of trees,,
0,,NA,1645,10,476494,5795613,Field UTM,0,1,0,,,,4.9,coordinates put it in middle of road,,
0,,NA,1647,10,480846,5795967,Field UTM,0,1,0,,,,142.4,,,
0,40.8,NA,1648,10,482305,5796407,Field UTM,0,1,0,,,,267,,,
0,,NA,1649,10,485146,5796000,Field UTM,0,1,0,,,,20.1,,,
0,,NA,1651,10,487310,5796192,Field UTM,0,1,0,,,,10.7,,,
0,,NA,1653,10,408285.311,5800517.917,Field lat/long,0,1,0,,110,,110,,,
0,,NA,1657,10,468544,5798078,Field UTM,0,1,1,,,,74.7,,,
L,,NA,1658,10,469285,5797954,Field UTM,0,1,0,,,,,,Live tree on plot,
0,,NA,1662,10,475289,5797529,Field UTM,0,1,0,,,,11.6,,,
L,,NA,1663,10,476543,5797632,Field UTM,0,1,0,,,,,,Live tree on plot,
0,,NA,1665,10,481255,5797917,Field UTM,0,1,0,,,,38.5,,,
0,,NA,1666,10,482355,5797411,Field UTM,0,1,1,,,,93.3,,,
0,3.4,NA,1672,10,463682,5798682,Field UTM,0,1,0,,,,11.8,maybe in plantation? Also there could be a nearer live tree,,
0,,NA,1674,10,466675,5798955,Field UTM,0,1,0,,,,40.1,in a young plantation (lots of mortality),,
0,,NA,1675,10,467191,5798932,Field UTM,0,1,0,,,,10.1,in a young plantation (lots of mortality),,
0,,NA,1678,10,475596,5798611,Field UTM,0,1,0,,,,230.9,,,
0,,NA,1679,10,481387,5798433,Field UTM,0,0,1,,,,7.9,,,
0,,NA,1685,10,487391,5798188,Field UTM,0,1,0,,,,693,,,
0,,NA,1686,10,488403,5798143,Field UTM,0,1,0,,,,231,,,
U,,NA,1701,10,479381,5799528,Field UTM,0,0,0,,,,,unburnt/not measured,,
0,,NA,1702,10,482429,5799396,Field UTM,0,1,0,,,,220.1,,,
0,,NA,1705,10,486429,5799225,Field UTM,0,1,0,,,,915.3,,,
0,na,NA,1706,10,487438,5799189,Field UTM,0,1,0,,,,1357,,,
0,,NA,1707,10,488436,5799141,Field UTM,0,1,0,,,,411.7,,,
0,,NA,1708,10,489438,5799096,Field UTM,0,1,0,,,,127.7,,,
0,,NA,1723,10,479473,5800523,Field UTM,0,1,0,,,,54.6,,,
U,,NA,1724,10,480155,5800850,Field UTM,0,0,0,,,,,unburned/ not measured,,
0,,NA,1738,10,415463.8485,5804217.431,Field lat/long,0,1,0,,4.9,,4.9,,,
0,,NA,1739,10,416457.7119,5804170.424,Field lat/long,0,1,0,,7.4,,7.4,,,
0,,NA,1754,10,476629,5801247,Field UTM,0,1,0,,,,253.3,,,
0,,NA,1757,10,480512,5801476,Field UTM,0,1,0,,,,150.7,,,
0,,NA,1759,10,482198,5801523,Field UTM,0,1,0,,,,4.9,lots of live trees around,,
0,-0.2,NA,1760,10,485516,5801258,Field UTM,0,1,1,,,,16.2,,,
0,,NA,1761,10,489519,5801100,Field UTM,0,1,0,,,,226.5,,,
0,,NA,1770,10,414504.0952,5805247.557,Field lat/long,0,1,0,,17.1,,17.1,,,
0,,NA,1771,10,415503.2857,5805205.822,Field lat/long,0,1,0,,7,,7,,,
0,,NA,1772,10,417503.0805,5805124.051,Field lat/long,0,1,0,,34.6,,34.6,,,
0,,NA,1789,10,476793,5802667,Field UTM,0,1,0,,,,4.1,,,
0,,NA,1791,10,478551,5802553,Field UTM,0,1,0,,,,4.7,,,
0,,NA,1792,10,485559,5802261,Field UTM,0,1,0,,,,37.3,,,
0,,NA,1793,10,486559,5802216,Field UTM,0,1,0,,,,20.9,,,
0,-0.8,NA,1794,10,487564,5802176,Field UTM,0,0,0,,,,123,,,
L,,NA,1795,10,488566,5802130,Field UTM,0,1,0,,,,,,Live tree on plot,
U,,NA,1796,10,489564,5802088,Field UTM,0,0,0,,,,,unburned/not measured,,
0,,NA,1798,10,491563,5802013,Field UTM,0,1,0,,,,83.8,,,
0,,NA,1805,10,412547.8219,5806319.975,Field lat/long,0,1,0,,,,13.9,probably PLI,,
0,,NA,1807,10,471847.6712,5738930.704,Intended lat/long,0,0,0,,,,753,South map,,
0,,NA,1816,10,425553.3787,5805783.559,Field lat/long,0,0,0,,,,15.8,seems to be on rock,,
0,,NA,1825,10,473972,5803814,Field UTM,0,1,0,,,,4.8,,,
U,,NA,1831,10,486600,5803212,Field UTM,0,0,0,,,,,unburned/not measured,,
0,,NA,1833,10,488607,5803120,Field UTM,0,1,0,,,,32.1,,,
0,1.4,NA,1835,10,492612,5802957,Field UTM,0,0,0,,,,93.5,site looks nuked,,
U,,NA,1836,10,493608,5802923,Field UTM,0,0,0,,,,,unburned/not measured,,
U,,NA,1840,10,411584.7513,5807374.126,Field lat/long,0,0,0,,,,,unburned/not measured,,
0,,NA,1844,10,417588.2305,5807118.544,Field lat/long,0,1,1,,,,13.6,,,
0,,NA,1845,10,418593.0979,5807072.882,Field lat/long,0,1,0,,,,128.7,,,
0,,NA,1876,10,491646,5803994,Field UTM,0,1,1,,,,18.1,,,
0,,NA,1889,10,414628.1916,5808239.335,Field lat/long,0,1,0,,161,,161,,,
L,,NA,1916,10,473669,5805761,Field UTM,0,1,0,,,,,,Live tree on plot,
0,,NA,1931,10,490693,5805036,Field UTM,0,1,1,,,,99.6,,,
U,,NA,1936,10,409665.328,5809447.308,Field lat/long,0,0,0,,,,7.5,uburned/not measured,,
U,,NA,1942,10,416671.488,5809151.067,Field lat/long,0,0,0,,,,,unburned/not measured,,
0,0.8,NA,1979,10,405700.4216,5810611.174,Field lat/long,0,1,0,,175.1,,174.3,,,
0,,NA,1981,10,407709.2566,5810532.857,Field lat/long,0,1,0,,32.3,,32.3,,,
0,,NA,1982,10,408708.5682,5810481.919,Field lat/long,0,1,1,,14.9,,14.9,,,
0,,NA,2034,10,408755.6118,5811476.838,Field lat/long,0,0,0,,27.6,,27.6,,,
0,,NA,2035,10,409741.4294,5811441.932,Field lat/long,0,1,0,,,,252,,,
0,,NA,2041,10,416755.0138,5811146.039,Field lat/long,0,1,0,,,,325.9,,,
U,,NA,2042,10,417754.634,5811043.308,Field lat/long,0,0,0,,,,,unburned/not measured,,
U,,NA,2043,10,418756.4778,5811060.679,Field lat/long,0,0,0,,,,,unburned/not measured,,
0,,NA,2107,10,418799.1928,5812056.822,Field lat/long,0,1,0,,,,22.5,,,
0,,NA,2108,10,419799.0036,5812017.248,Field lat/long,0,1,0,,,,45,,,
0,16.1,NA,2111,10,422806.2329,5811890.06,Field lat/long,0,1,0,,,,47.6,,,
L,,NA,2113,10,424809.4651,5811811.137,Field lat/long,0,0,0,,,,,,Live tree on plot,
U,,NA,2115,10,427806.9122,5811679.934,Field lat/long,0,0,0,,,,,unburned/not measured,,
0,,NA,2155,10,412831.8136,5813304.664,Field lat/long,0,1,0,,9.7,89.7,9.7,,,
0,,NA,2158,10,418839.8299,5813055.227,Field lat/long,0,0,0,,,,4.2,No recorded regen/overstory/sampletree/substrate,,
0,,NA,2159,10,420841.8354,5812971.689,Field lat/long,0,1,0,,,,18.8,,,
0,,NA,2163,10,405701.9,5810610.3,Intended lat/long,0,1,0,,,,175.9,Same as 1979,,
0,,NA,2195,10,493898,5809896,Field UTM,0,1,0,,,,106.5,,,
0,,NA,2200,10,404867.4839,5814633.766,Field lat/long,0,1,0,,18.9,,18.9,,,
0,2.3,NA,2202,10,406869.5817,5814551.959,Field lat/long,0,1,0,,,,64.7,probably PLI,,
L,,NA,2205,10,410875.6503,5814389.765,Field lat/long,0,1,1,,live tree on plot,17,,,Live tree on plot,
U,,NA,2208,10,415879.1283,5814178.044,Field lat/long,0,0,0,,,,,unburned/not measured,,
0,,NA,2210,10,418884.6375,5814051.561,Field lat/long,0,0,0,,,,12.4,,,
0,,NA,2211,10,419883.3361,5814006.227,Field lat/long,0,1,0,,,,55.6,,,
0,,NA,2212,10,420888.2149,5813964.334,Field lat/long,0,1,0,,,,93.9,,,
U,,NA,2213,10,421895.1434,5813922.615,Field lat/long,0,0,0,,,,,unburned/not measured,,
L,,NA,2251,10,488941,5811098,Field UTM,0,1,0,,,,,,Live tree on plot,
0,,NA,2253,10,492946,5810930,Field UTM,0,0,1,,,,3.7,in plantation,,
U,,NA,2269,10,415921.0602,5815173.639,Field lat/long,0,0,0,,,,,unburned/not measured,,
U,,NA,2271,10,417921.5897,5815090.024,Field lat/long,0,0,0,,,,,unburned/not measured,,
0,-1.1,NA,2272,10,418925.5242,5815045.514,Field lat/long,0,1,0,,,,21.8,,,
L,,NA,2311,10,486977,5812171,Field UTM,0,1,0,,,,,,Live tree on plot,
L,,NA,2312,10,487983,5812139,Field UTM,0,1,1,,,,,,Live tree on plot,
0,,NA,2317,10,494991,5811844,Field UTM,0,1,0,,,,23.7,,,
0,,NA,2318,10,495989,5811795,Field UTM,0,1,0,,,,5.3,,,
U,,NA,2334,10,418967.7792,5816040.558,Field lat/long,0,0,0,,,,,unburned/not measured,,
0,,NA,2336,10,420969.2293,5815960.276,Field lat/long,0,1,0,,,,144.4,,,
0,,NA,2378,10,485026,5813256,Field UTM,0,1,0,,,,117.5,,,
0,,NA,2379,10,486026,5813215,Field UTM,0,1,0,,,,106.3,,,
L,,NA,2380,10,487025,5813179,Field UTM,0,1,0,,,,,,Live tree on plot,
0,5.1,NA,2412,10,422010.3954,5816913.969,Field lat/long,0,1,0,,,,163.9,,,
0,,NA,2414,10,424014.3718,5816831.433,Field lat/long,0,0,0,,,,13.3,,,
0,,NA,2460,10,493070,5813919,Field UTM,0,1,0,,,,88.9,,,
0,,NA,2523,10,494117,5814875,Field UTM,0,1,0,,,,119.8,,,
0,,NA,2626,10,430187.4312,5820565.545,Field lat/long,0,1,0,,,,522.8,,,
0,,NA,2644,10,426225.8543,5821730.488,Field lat/long,0,1,0,,,,48.8,Pretty sure it's PLI,,
U,,NA,2646,10,428227.8579,5821647.655,Field lat/long,0,0,0,,,,2.852,unburned/not measured,,
0,,NA,2647,10,430229.6572,5821562.196,Field lat/long,0,1,0,599,514,,426.2,,,
0,,NA,2662,10,428270.2508,5822642.407,Field lat/long,0,1,0,,146.7,,146.7,I think PLI/As stand,,
0,,NA,2664,10,430272.4049,5822558.063,Field lat/long,0,1,0,,max,,914.3,,,
1,,,,,,,,,,,,,,,,,
